CC_reference,PO,article_no,root_cause_category,reason
CC-25014001,1529093,330-020-017,Front cap damaged,no unit in the linked PO lot showed any FT flag
CC-25013999,1529093,330-020-017,Front cap damaged,no unit in the linked PO lot showed any FT flag
CC-25014000,1529093,330-020-017,Front cap damaged,no unit in the linked PO lot showed any FT flag
CC-25014569,1494895,330-020-017,Broken connectors and rotating PCBAs,no unit in the linked PO lot showed any FT flag
CC-25014570,1494895,330-020-017,Broken connectors and rotating PCBAs,no unit in the linked PO lot showed any FT flag
CC-25088965,2030179,330-010-010,Coil Damaged,no unit in the linked PO lot showed any FT flag
CC-251210163,1631655,330-020-017,Ferrite crack,no unit in the linked PO lot showed any FT flag
CC-260210884,1646228,330-010-017,Ferrite crack,no unit in the linked PO lot showed any FT flag
CC-260511922,2040049,330-010-017,Ferrite crack,no unit in the linked PO lot showed any FT flag
CC-260913201,2041711,330-010-010,Ferrite crack,no unit in the linked PO lot showed any FT flag
CC-260913205,2043580,330-010-017,Ferrite crack,no unit in the linked PO lot showed any FT flag
CC-25012243,2004883,330-010-085,Flex damage,no unit in the linked PO lot showed any FT flag
CC-25012242,2004883,330-010-085,Flex damage,no unit in the linked PO lot showed any FT flag
CC-25012241,2004883,330-010-085,Flex damage,no unit in the linked PO lot showed any FT flag
CC-25012244,2004883,330-010-085,Flex damage,no unit in the linked PO lot showed any FT flag
CC-260511714,1653994,330-020-073,Flex PCB Damaged,no unit in the linked PO lot showed any FT flag
