PO,baseline_prediction,confidence_tier,explanation,model_target,correct
1483505,Coil,data_majority,"Stopped between 5V4trim and TemperatureComp, TestIsolation didn't run -- 57.1% Coil in train (n=219; matches -7015 VRCU_READING's documented root cause 'Coil damage / coil resistance', which runs in this gap but has no dedicated FT column), with Dimensional/Alignment (20.1%), Flex/PCB/Solder/Wiring (11.4%) and ASIC/EEPROM (11.0%) as minorities.",ASIC / EEPROM,False
1483505,Coil,data_majority,"Stopped between 5V4trim and TemperatureComp, TestIsolation didn't run -- 57.1% Coil in train (n=219; matches -7015 VRCU_READING's documented root cause 'Coil damage / coil resistance', which runs in this gap but has no dedicated FT column), with Dimensional/Alignment (20.1%), Flex/PCB/Solder/Wiring (11.4%) and ASIC/EEPROM (11.0%) as minorities.",ASIC / EEPROM,False
1483505,ASIC / EEPROM,data_majority,"PRECONFIG (-7018) never reached and TestIsolation didn't run either -- 58.3% ASIC/EEPROM in train (n=264), with 28.0% Flex/PCB/Solder/Wiring and 13.6% Coil as notable minorities (mixed zone, not pure).",ASIC / EEPROM,True
1483505,Coil,data_majority,"Stopped between 5V4trim and TemperatureComp, TestIsolation didn't run -- 57.1% Coil in train (n=219; matches -7015 VRCU_READING's documented root cause 'Coil damage / coil resistance', which runs in this gap but has no dedicated FT column), with Dimensional/Alignment (20.1%), Flex/PCB/Solder/Wiring (11.4%) and ASIC/EEPROM (11.0%) as minorities.",ASIC / EEPROM,False
1518399,ASIC / EEPROM,data_majority,"PRECONFIG (-7018) never reached and TestIsolation didn't run either -- 58.3% ASIC/EEPROM in train (n=264), with 28.0% Flex/PCB/Solder/Wiring and 13.6% Coil as notable minorities (mixed zone, not pure).",ASIC / EEPROM,True
1518399,ASIC / EEPROM,data_majority,"PRECONFIG (-7018) never reached and TestIsolation didn't run either -- 58.3% ASIC/EEPROM in train (n=264), with 28.0% Flex/PCB/Solder/Wiring and 13.6% Coil as notable minorities (mixed zone, not pure).",ASIC / EEPROM,True
1518399,ASIC / EEPROM,data_majority,"PRECONFIG (-7018) never reached and TestIsolation didn't run either -- 58.3% ASIC/EEPROM in train (n=264), with 28.0% Flex/PCB/Solder/Wiring and 13.6% Coil as notable minorities (mixed zone, not pure).",ASIC / EEPROM,True
1518399,ASIC / EEPROM,data_majority,"PRECONFIG (-7018) never reached and TestIsolation didn't run either -- 58.3% ASIC/EEPROM in train (n=264), with 28.0% Flex/PCB/Solder/Wiring and 13.6% Coil as notable minorities (mixed zone, not pure).",ASIC / EEPROM,True
1518399,ASIC / EEPROM,data_majority,"PRECONFIG (-7018) never reached and TestIsolation didn't run either -- 58.3% ASIC/EEPROM in train (n=264), with 28.0% Flex/PCB/Solder/Wiring and 13.6% Coil as notable minorities (mixed zone, not pure).",ASIC / EEPROM,True
1518399,ASIC / EEPROM,data_majority,"PRECONFIG (-7018) never reached and TestIsolation didn't run either -- 58.3% ASIC/EEPROM in train (n=264), with 28.0% Flex/PCB/Solder/Wiring and 13.6% Coil as notable minorities (mixed zone, not pure).",ASIC / EEPROM,True
1518399,ASIC / EEPROM,data_majority,"PRECONFIG (-7018) never reached and TestIsolation didn't run either -- 58.3% ASIC/EEPROM in train (n=264), with 28.0% Flex/PCB/Solder/Wiring and 13.6% Coil as notable minorities (mixed zone, not pure).",ASIC / EEPROM,True
1518399,ASIC / EEPROM,data_majority,"PRECONFIG (-7018) never reached and TestIsolation didn't run either -- 58.3% ASIC/EEPROM in train (n=264), with 28.0% Flex/PCB/Solder/Wiring and 13.6% Coil as notable minorities (mixed zone, not pure).",ASIC / EEPROM,True
1518399,Coil,data_majority,"Stopped between 5V4trim and TemperatureComp, TestIsolation didn't run -- 57.1% Coil in train (n=219; matches -7015 VRCU_READING's documented root cause 'Coil damage / coil resistance', which runs in this gap but has no dedicated FT column), with Dimensional/Alignment (20.1%), Flex/PCB/Solder/Wiring (11.4%) and ASIC/EEPROM (11.0%) as minorities.",ASIC / EEPROM,False
1518399,Coil,data_majority,"Stopped between 5V4trim and TemperatureComp, TestIsolation didn't run -- 57.1% Coil in train (n=219; matches -7015 VRCU_READING's documented root cause 'Coil damage / coil resistance', which runs in this gap but has no dedicated FT column), with Dimensional/Alignment (20.1%), Flex/PCB/Solder/Wiring (11.4%) and ASIC/EEPROM (11.0%) as minorities.",ASIC / EEPROM,False
1518399,ASIC / EEPROM,data_majority,"PRECONFIG (-7018) never reached and TestIsolation didn't run either -- 58.3% ASIC/EEPROM in train (n=264), with 28.0% Flex/PCB/Solder/Wiring and 13.6% Coil as notable minorities (mixed zone, not pure).",ASIC / EEPROM,True
1518399,ASIC / EEPROM,data_majority,"PRECONFIG (-7018) never reached and TestIsolation didn't run either -- 58.3% ASIC/EEPROM in train (n=264), with 28.0% Flex/PCB/Solder/Wiring and 13.6% Coil as notable minorities (mixed zone, not pure).",ASIC / EEPROM,True
2019784,Coil,data_majority,"Stopped between 5V4trim and TemperatureComp, TestIsolation didn't run -- 57.1% Coil in train (n=219; matches -7015 VRCU_READING's documented root cause 'Coil damage / coil resistance', which runs in this gap but has no dedicated FT column), with Dimensional/Alignment (20.1%), Flex/PCB/Solder/Wiring (11.4%) and ASIC/EEPROM (11.0%) as minorities.",Coil,True
2019784,Coil,data_majority,"Stopped between 5V4trim and TemperatureComp, TestIsolation didn't run -- 57.1% Coil in train (n=219; matches -7015 VRCU_READING's documented root cause 'Coil damage / coil resistance', which runs in this gap but has no dedicated FT column), with Dimensional/Alignment (20.1%), Flex/PCB/Solder/Wiring (11.4%) and ASIC/EEPROM (11.0%) as minorities.",Coil,True
2019784,Coil,data_majority,"Stopped between 5V4trim and TemperatureComp, TestIsolation didn't run -- 57.1% Coil in train (n=219; matches -7015 VRCU_READING's documented root cause 'Coil damage / coil resistance', which runs in this gap but has no dedicated FT column), with Dimensional/Alignment (20.1%), Flex/PCB/Solder/Wiring (11.4%) and ASIC/EEPROM (11.0%) as minorities.",Coil,True
2019784,Coil,data_majority,"Stopped between 5V4trim and TemperatureComp, TestIsolation didn't run -- 57.1% Coil in train (n=219; matches -7015 VRCU_READING's documented root cause 'Coil damage / coil resistance', which runs in this gap but has no dedicated FT column), with Dimensional/Alignment (20.1%), Flex/PCB/Solder/Wiring (11.4%) and ASIC/EEPROM (11.0%) as minorities.",Coil,True
2019784,Coil,data_majority,"Stopped between 5V4trim and TemperatureComp, TestIsolation didn't run -- 57.1% Coil in train (n=219; matches -7015 VRCU_READING's documented root cause 'Coil damage / coil resistance', which runs in this gap but has no dedicated FT column), with Dimensional/Alignment (20.1%), Flex/PCB/Solder/Wiring (11.4%) and ASIC/EEPROM (11.0%) as minorities.",Coil,True
2019784,ASIC / EEPROM,data_majority,"PRECONFIG (-7018) never reached and TestIsolation didn't run either -- 58.3% ASIC/EEPROM in train (n=264), with 28.0% Flex/PCB/Solder/Wiring and 13.6% Coil as notable minorities (mixed zone, not pure).",Coil,False
2019784,Coil,data_majority,"Stopped between 5V4trim and TemperatureComp, TestIsolation didn't run -- 57.1% Coil in train (n=219; matches -7015 VRCU_READING's documented root cause 'Coil damage / coil resistance', which runs in this gap but has no dedicated FT column), with Dimensional/Alignment (20.1%), Flex/PCB/Solder/Wiring (11.4%) and ASIC/EEPROM (11.0%) as minorities.",Coil,True
2019784,Coil,data_majority,"Stopped between 5V4trim and TemperatureComp, TestIsolation didn't run -- 57.1% Coil in train (n=219; matches -7015 VRCU_READING's documented root cause 'Coil damage / coil resistance', which runs in this gap but has no dedicated FT column), with Dimensional/Alignment (20.1%), Flex/PCB/Solder/Wiring (11.4%) and ASIC/EEPROM (11.0%) as minorities.",Coil,True
2019784,Coil,data_majority,"Stopped between 5V4trim and TemperatureComp, TestIsolation didn't run -- 57.1% Coil in train (n=219; matches -7015 VRCU_READING's documented root cause 'Coil damage / coil resistance', which runs in this gap but has no dedicated FT column), with Dimensional/Alignment (20.1%), Flex/PCB/Solder/Wiring (11.4%) and ASIC/EEPROM (11.0%) as minorities.",Coil,True
2019784,Coil,data_majority,"Stopped between 5V4trim and TemperatureComp, TestIsolation didn't run -- 57.1% Coil in train (n=219; matches -7015 VRCU_READING's documented root cause 'Coil damage / coil resistance', which runs in this gap but has no dedicated FT column), with Dimensional/Alignment (20.1%), Flex/PCB/Solder/Wiring (11.4%) and ASIC/EEPROM (11.0%) as minorities.",Coil,True
1533456,ASIC / EEPROM,data_majority,"PRECONFIG (-7018) never reached and TestIsolation didn't run either -- 58.3% ASIC/EEPROM in train (n=264), with 28.0% Flex/PCB/Solder/Wiring and 13.6% Coil as notable minorities (mixed zone, not pure).",Flex / PCB / Solder / Wiring,False
1533456,Coil,hint,"Gap after CalibrSP2 -- only n=12 in train, no clear majority (Flex/PCB/Solder/Wiring 33.3%, Coil 33.3%, ASIC/EEPROM 25.0%, Gluing/Potting 8.3%). Low-confidence tie-break toward Coil, consistent with the broader finding that mid-sequence SPV calibration stalls tend to be coil-related.",Flex / PCB / Solder / Wiring,False
1533456,Coil,data_majority,"Stopped between 5V4trim and TemperatureComp, TestIsolation didn't run -- 57.1% Coil in train (n=219; matches -7015 VRCU_READING's documented root cause 'Coil damage / coil resistance', which runs in this gap but has no dedicated FT column), with Dimensional/Alignment (20.1%), Flex/PCB/Solder/Wiring (11.4%) and ASIC/EEPROM (11.0%) as minorities.",Flex / PCB / Solder / Wiring,False
1615293,ASIC / EEPROM,data_majority,"PRECONFIG (-7018) never reached and TestIsolation didn't run either -- 58.3% ASIC/EEPROM in train (n=264), with 28.0% Flex/PCB/Solder/Wiring and 13.6% Coil as notable minorities (mixed zone, not pure).",Flex / PCB / Solder / Wiring,False
1615293,Coil,data_majority,"Stopped between 5V4trim and TemperatureComp, TestIsolation didn't run -- 57.1% Coil in train (n=219; matches -7015 VRCU_READING's documented root cause 'Coil damage / coil resistance', which runs in this gap but has no dedicated FT column), with Dimensional/Alignment (20.1%), Flex/PCB/Solder/Wiring (11.4%) and ASIC/EEPROM (11.0%) as minorities.",Flex / PCB / Solder / Wiring,False
1615293,ASIC / EEPROM,data_majority,"PRECONFIG (-7018) never reached and TestIsolation didn't run either -- 58.3% ASIC/EEPROM in train (n=264), with 28.0% Flex/PCB/Solder/Wiring and 13.6% Coil as notable minorities (mixed zone, not pure).",Flex / PCB / Solder / Wiring,False
1615293,ASIC / EEPROM,data_majority,"PRECONFIG (-7018) never reached and TestIsolation didn't run either -- 58.3% ASIC/EEPROM in train (n=264), with 28.0% Flex/PCB/Solder/Wiring and 13.6% Coil as notable minorities (mixed zone, not pure).",Flex / PCB / Solder / Wiring,False
1615293,ASIC / EEPROM,data_majority,"PRECONFIG (-7018) never reached and TestIsolation didn't run either -- 58.3% ASIC/EEPROM in train (n=264), with 28.0% Flex/PCB/Solder/Wiring and 13.6% Coil as notable minorities (mixed zone, not pure).",Flex / PCB / Solder / Wiring,False
1615293,ASIC / EEPROM,data_majority,"PRECONFIG (-7018) never reached and TestIsolation didn't run either -- 58.3% ASIC/EEPROM in train (n=264), with 28.0% Flex/PCB/Solder/Wiring and 13.6% Coil as notable minorities (mixed zone, not pure).",Flex / PCB / Solder / Wiring,False
2008360,ASIC / EEPROM,data_majority,"PRECONFIG (-7018) never reached and TestIsolation didn't run either -- 58.3% ASIC/EEPROM in train (n=264), with 28.0% Flex/PCB/Solder/Wiring and 13.6% Coil as notable minorities (mixed zone, not pure).",ASIC / EEPROM,True
2008360,Coil,data_majority,"Stopped between 5V4trim and TemperatureComp, TestIsolation didn't run -- 57.1% Coil in train (n=219; matches -7015 VRCU_READING's documented root cause 'Coil damage / coil resistance', which runs in this gap but has no dedicated FT column), with Dimensional/Alignment (20.1%), Flex/PCB/Solder/Wiring (11.4%) and ASIC/EEPROM (11.0%) as minorities.",ASIC / EEPROM,False
2008360,Coil,data_majority,"Stopped between 5V4trim and TemperatureComp, TestIsolation didn't run -- 57.1% Coil in train (n=219; matches -7015 VRCU_READING's documented root cause 'Coil damage / coil resistance', which runs in this gap but has no dedicated FT column), with Dimensional/Alignment (20.1%), Flex/PCB/Solder/Wiring (11.4%) and ASIC/EEPROM (11.0%) as minorities.",ASIC / EEPROM,False
2035577,Coil,data_majority,"Stopped between 5V4trim and TemperatureComp, TestIsolation didn't run -- 57.1% Coil in train (n=219; matches -7015 VRCU_READING's documented root cause 'Coil damage / coil resistance', which runs in this gap but has no dedicated FT column), with Dimensional/Alignment (20.1%), Flex/PCB/Solder/Wiring (11.4%) and ASIC/EEPROM (11.0%) as minorities.",Coil,True
2035577,ASIC / EEPROM,data_majority,"PRECONFIG (-7018) never reached and TestIsolation didn't run either -- 58.3% ASIC/EEPROM in train (n=264), with 28.0% Flex/PCB/Solder/Wiring and 13.6% Coil as notable minorities (mixed zone, not pure).",Coil,False
2035577,Coil,data_majority,"Stopped between 5V4trim and TemperatureComp, TestIsolation didn't run -- 57.1% Coil in train (n=219; matches -7015 VRCU_READING's documented root cause 'Coil damage / coil resistance', which runs in this gap but has no dedicated FT column), with Dimensional/Alignment (20.1%), Flex/PCB/Solder/Wiring (11.4%) and ASIC/EEPROM (11.0%) as minorities.",Coil,True
2035577,Coil,hint,"Gap after CalibrSP2 -- only n=12 in train, no clear majority (Flex/PCB/Solder/Wiring 33.3%, Coil 33.3%, ASIC/EEPROM 25.0%, Gluing/Potting 8.3%). Low-confidence tie-break toward Coil, consistent with the broader finding that mid-sequence SPV calibration stalls tend to be coil-related.",Coil,True
2035577,Coil,data_majority,"Stopped between 5V4trim and TemperatureComp, TestIsolation didn't run -- 57.1% Coil in train (n=219; matches -7015 VRCU_READING's documented root cause 'Coil damage / coil resistance', which runs in this gap but has no dedicated FT column), with Dimensional/Alignment (20.1%), Flex/PCB/Solder/Wiring (11.4%) and ASIC/EEPROM (11.0%) as minorities.",Coil,True
2035577,Coil,data_majority,"Stopped between 5V4trim and TemperatureComp, TestIsolation didn't run -- 57.1% Coil in train (n=219; matches -7015 VRCU_READING's documented root cause 'Coil damage / coil resistance', which runs in this gap but has no dedicated FT column), with Dimensional/Alignment (20.1%), Flex/PCB/Solder/Wiring (11.4%) and ASIC/EEPROM (11.0%) as minorities.",Coil,True
2035577,Coil,hint,"Gap after CalibrSP2 -- only n=12 in train, no clear majority (Flex/PCB/Solder/Wiring 33.3%, Coil 33.3%, ASIC/EEPROM 25.0%, Gluing/Potting 8.3%). Low-confidence tie-break toward Coil, consistent with the broader finding that mid-sequence SPV calibration stalls tend to be coil-related.",Coil,True
2035577,Coil,data_majority,"Stopped between 5V4trim and TemperatureComp, TestIsolation didn't run -- 57.1% Coil in train (n=219; matches -7015 VRCU_READING's documented root cause 'Coil damage / coil resistance', which runs in this gap but has no dedicated FT column), with Dimensional/Alignment (20.1%), Flex/PCB/Solder/Wiring (11.4%) and ASIC/EEPROM (11.0%) as minorities.",Coil,True
2035577,Coil,data_majority,"Stopped between 5V4trim and TemperatureComp, TestIsolation didn't run -- 57.1% Coil in train (n=219; matches -7015 VRCU_READING's documented root cause 'Coil damage / coil resistance', which runs in this gap but has no dedicated FT column), with Dimensional/Alignment (20.1%), Flex/PCB/Solder/Wiring (11.4%) and ASIC/EEPROM (11.0%) as minorities.",Coil,True
2035577,Coil,hint,"Gap after CalibrSP2 -- only n=12 in train, no clear majority (Flex/PCB/Solder/Wiring 33.3%, Coil 33.3%, ASIC/EEPROM 25.0%, Gluing/Potting 8.3%). Low-confidence tie-break toward Coil, consistent with the broader finding that mid-sequence SPV calibration stalls tend to be coil-related.",Coil,True
2035577,LED,hint,Yellow LED function test failure,Coil,False
2035577,Coil,hint,"Gap after CalibrSP2 -- only n=12 in train, no clear majority (Flex/PCB/Solder/Wiring 33.3%, Coil 33.3%, ASIC/EEPROM 25.0%, Gluing/Potting 8.3%). Low-confidence tie-break toward Coil, consistent with the broader finding that mid-sequence SPV calibration stalls tend to be coil-related.",Coil,True
1501503,ASIC / EEPROM,data_majority,"PRECONFIG (-7018) never reached and TestIsolation didn't run either -- 58.3% ASIC/EEPROM in train (n=264), with 28.0% Flex/PCB/Solder/Wiring and 13.6% Coil as notable minorities (mixed zone, not pure).",ASIC / EEPROM,True
1501503,ASIC / EEPROM,data_majority,"PRECONFIG (-7018) never reached and TestIsolation didn't run either -- 58.3% ASIC/EEPROM in train (n=264), with 28.0% Flex/PCB/Solder/Wiring and 13.6% Coil as notable minorities (mixed zone, not pure).",ASIC / EEPROM,True
1636146,Dimensional / Alignment,data_majority,"Stopped between 5V4trim and TemperatureComp, but TestIsolation ran -- 90.3% Dimensional/Alignment in train (n=506).",Dimensional / Alignment,True
1636146,Dimensional / Alignment,data_majority,"Stopped between 5V4trim and TemperatureComp, but TestIsolation ran -- 90.3% Dimensional/Alignment in train (n=506).",Dimensional / Alignment,True
1636146,Dimensional / Alignment,data_majority,"Stopped between 5V4trim and TemperatureComp, but TestIsolation ran -- 90.3% Dimensional/Alignment in train (n=506).",Dimensional / Alignment,True
1636146,Dimensional / Alignment,data_majority,"Stopped between 5V4trim and TemperatureComp, but TestIsolation ran -- 90.3% Dimensional/Alignment in train (n=506).",Dimensional / Alignment,True
1636146,Dimensional / Alignment,data_majority,"Stopped between 5V4trim and TemperatureComp, but TestIsolation ran -- 90.3% Dimensional/Alignment in train (n=506).",Dimensional / Alignment,True
1636146,Dimensional / Alignment,data_majority,"Stopped between 5V4trim and TemperatureComp, but TestIsolation ran -- 90.3% Dimensional/Alignment in train (n=506).",Dimensional / Alignment,True
1646677,ASIC / EEPROM,data_majority,"PRECONFIG (-7018) never reached and TestIsolation didn't run either -- 58.3% ASIC/EEPROM in train (n=264), with 28.0% Flex/PCB/Solder/Wiring and 13.6% Coil as notable minorities (mixed zone, not pure).",ASIC / EEPROM,True
1646677,ASIC / EEPROM,data_majority,"PRECONFIG (-7018) never reached and TestIsolation didn't run either -- 58.3% ASIC/EEPROM in train (n=264), with 28.0% Flex/PCB/Solder/Wiring and 13.6% Coil as notable minorities (mixed zone, not pure).",ASIC / EEPROM,True
1646677,ASIC / EEPROM,data_majority,"PRECONFIG (-7018) never reached and TestIsolation didn't run either -- 58.3% ASIC/EEPROM in train (n=264), with 28.0% Flex/PCB/Solder/Wiring and 13.6% Coil as notable minorities (mixed zone, not pure).",ASIC / EEPROM,True
1646677,ASIC / EEPROM,data_majority,"PRECONFIG (-7018) never reached and TestIsolation didn't run either -- 58.3% ASIC/EEPROM in train (n=264), with 28.0% Flex/PCB/Solder/Wiring and 13.6% Coil as notable minorities (mixed zone, not pure).",ASIC / EEPROM,True
1646677,ASIC / EEPROM,data_majority,"PRECONFIG (-7018) never reached and TestIsolation didn't run either -- 58.3% ASIC/EEPROM in train (n=264), with 28.0% Flex/PCB/Solder/Wiring and 13.6% Coil as notable minorities (mixed zone, not pure).",ASIC / EEPROM,True
1652761,Dimensional / Alignment,data_majority,"Stopped between 5V4trim and TemperatureComp, but TestIsolation ran -- 90.3% Dimensional/Alignment in train (n=506).",Dimensional / Alignment,True
1652761,Dimensional / Alignment,data_majority,"Stopped between 5V4trim and TemperatureComp, but TestIsolation ran -- 90.3% Dimensional/Alignment in train (n=506).",Dimensional / Alignment,True
1652761,Dimensional / Alignment,data_majority,"Stopped between 5V4trim and TemperatureComp, but TestIsolation ran -- 90.3% Dimensional/Alignment in train (n=506).",Dimensional / Alignment,True
1652761,Dimensional / Alignment,data_majority,"Stopped between 5V4trim and TemperatureComp, but TestIsolation ran -- 90.3% Dimensional/Alignment in train (n=506).",Dimensional / Alignment,True
1652761,Dimensional / Alignment,data_majority,"Stopped between 5V4trim and TemperatureComp, but TestIsolation ran -- 90.3% Dimensional/Alignment in train (n=506).",Dimensional / Alignment,True
1652761,Dimensional / Alignment,data_majority,"Stopped between 5V4trim and TemperatureComp, but TestIsolation ran -- 90.3% Dimensional/Alignment in train (n=506).",Dimensional / Alignment,True
1652761,Dimensional / Alignment,data_majority,"Stopped between 5V4trim and TemperatureComp, but TestIsolation ran -- 90.3% Dimensional/Alignment in train (n=506).",Dimensional / Alignment,True
1652761,Dimensional / Alignment,data_majority,"Stopped between 5V4trim and TemperatureComp, but TestIsolation ran -- 90.3% Dimensional/Alignment in train (n=506).",Dimensional / Alignment,True
1652761,Dimensional / Alignment,data_majority,"Stopped between 5V4trim and TemperatureComp, but TestIsolation ran -- 90.3% Dimensional/Alignment in train (n=506).",Dimensional / Alignment,True
1652761,Dimensional / Alignment,data_majority,"Stopped between 5V4trim and TemperatureComp, but TestIsolation ran -- 90.3% Dimensional/Alignment in train (n=506).",Dimensional / Alignment,True
1621412,Dimensional / Alignment,data_majority,"Stopped between 5V4trim and TemperatureComp, but TestIsolation ran -- 90.3% Dimensional/Alignment in train (n=506).",Dimensional / Alignment,True
1568619,Coil,data_majority,"Stopped between 5V4trim and TemperatureComp, TestIsolation didn't run -- 57.1% Coil in train (n=219; matches -7015 VRCU_READING's documented root cause 'Coil damage / coil resistance', which runs in this gap but has no dedicated FT column), with Dimensional/Alignment (20.1%), Flex/PCB/Solder/Wiring (11.4%) and ASIC/EEPROM (11.0%) as minorities.",Flex / PCB / Solder / Wiring,False
1568619,ASIC / EEPROM,data_majority,"PRECONFIG (-7018) never reached and TestIsolation didn't run either -- 58.3% ASIC/EEPROM in train (n=264), with 28.0% Flex/PCB/Solder/Wiring and 13.6% Coil as notable minorities (mixed zone, not pure).",Flex / PCB / Solder / Wiring,False
1568619,ASIC / EEPROM,data_majority,"PRECONFIG (-7018) never reached and TestIsolation didn't run either -- 58.3% ASIC/EEPROM in train (n=264), with 28.0% Flex/PCB/Solder/Wiring and 13.6% Coil as notable minorities (mixed zone, not pure).",Flex / PCB / Solder / Wiring,False
1590145,Coil,data_majority,"Stopped between 5V4trim and TemperatureComp, TestIsolation didn't run -- 57.1% Coil in train (n=219; matches -7015 VRCU_READING's documented root cause 'Coil damage / coil resistance', which runs in this gap but has no dedicated FT column), with Dimensional/Alignment (20.1%), Flex/PCB/Solder/Wiring (11.4%) and ASIC/EEPROM (11.0%) as minorities.",Flex / PCB / Solder / Wiring,False
1590145,ASIC / EEPROM,data_majority,"PRECONFIG (-7018) never reached and TestIsolation didn't run either -- 58.3% ASIC/EEPROM in train (n=264), with 28.0% Flex/PCB/Solder/Wiring and 13.6% Coil as notable minorities (mixed zone, not pure).",Flex / PCB / Solder / Wiring,False
1590145,ASIC / EEPROM,data_majority,"PRECONFIG (-7018) never reached and TestIsolation didn't run either -- 58.3% ASIC/EEPROM in train (n=264), with 28.0% Flex/PCB/Solder/Wiring and 13.6% Coil as notable minorities (mixed zone, not pure).",Flex / PCB / Solder / Wiring,False
1513960,Dimensional / Alignment,data_majority,"Stopped between 5V4trim and TemperatureComp, but TestIsolation ran -- 90.3% Dimensional/Alignment in train (n=506).",Flex / PCB / Solder / Wiring,False
1513960,Dimensional / Alignment,data_majority,"Stopped between 5V4trim and TemperatureComp, but TestIsolation ran -- 90.3% Dimensional/Alignment in train (n=506).",Flex / PCB / Solder / Wiring,False
1513960,Dimensional / Alignment,data_majority,"Stopped between 5V4trim and TemperatureComp, but TestIsolation ran -- 90.3% Dimensional/Alignment in train (n=506).",Flex / PCB / Solder / Wiring,False
1513960,Dimensional / Alignment,data_majority,"Stopped between 5V4trim and TemperatureComp, but TestIsolation ran -- 90.3% Dimensional/Alignment in train (n=506).",Flex / PCB / Solder / Wiring,False
1649876,Dimensional / Alignment,data_majority,"Full CTX510 core calibration sequence completed (no gap) -- 72.1% of these units in train (n=61) were still Dimensional/Alignment defects (ferrite crack, gap/cap issues) caught by tests outside this flag sequence; Insulation/Isolation (13.1%) and LED (8.2%) are notable minorities.",Dimensional / Alignment,True
1649876,Dimensional / Alignment,data_majority,"Full CTX510 core calibration sequence completed (no gap) -- 72.1% of these units in train (n=61) were still Dimensional/Alignment defects (ferrite crack, gap/cap issues) caught by tests outside this flag sequence; Insulation/Isolation (13.1%) and LED (8.2%) are notable minorities.",Dimensional / Alignment,True
1649876,Dimensional / Alignment,data_majority,"Full CTX510 core calibration sequence completed (no gap) -- 72.1% of these units in train (n=61) were still Dimensional/Alignment defects (ferrite crack, gap/cap issues) caught by tests outside this flag sequence; Insulation/Isolation (13.1%) and LED (8.2%) are notable minorities.",Dimensional / Alignment,True
1649876,Dimensional / Alignment,data_majority,"Full CTX510 core calibration sequence completed (no gap) -- 72.1% of these units in train (n=61) were still Dimensional/Alignment defects (ferrite crack, gap/cap issues) caught by tests outside this flag sequence; Insulation/Isolation (13.1%) and LED (8.2%) are notable minorities.",Dimensional / Alignment,True
1649876,Dimensional / Alignment,data_majority,"Full CTX510 core calibration sequence completed (no gap) -- 72.1% of these units in train (n=61) were still Dimensional/Alignment defects (ferrite crack, gap/cap issues) caught by tests outside this flag sequence; Insulation/Isolation (13.1%) and LED (8.2%) are notable minorities.",Dimensional / Alignment,True
1649876,Dimensional / Alignment,data_majority,"Full CTX510 core calibration sequence completed (no gap) -- 72.1% of these units in train (n=61) were still Dimensional/Alignment defects (ferrite crack, gap/cap issues) caught by tests outside this flag sequence; Insulation/Isolation (13.1%) and LED (8.2%) are notable minorities.",Dimensional / Alignment,True
2020356,Coil,data_majority,"Stopped between 5V4trim and TemperatureComp, TestIsolation didn't run -- 57.1% Coil in train (n=219; matches -7015 VRCU_READING's documented root cause 'Coil damage / coil resistance', which runs in this gap but has no dedicated FT column), with Dimensional/Alignment (20.1%), Flex/PCB/Solder/Wiring (11.4%) and ASIC/EEPROM (11.0%) as minorities.",Coil,True
2020356,Coil,hint,"Gap after CalibrSP2 -- only n=12 in train, no clear majority (Flex/PCB/Solder/Wiring 33.3%, Coil 33.3%, ASIC/EEPROM 25.0%, Gluing/Potting 8.3%). Low-confidence tie-break toward Coil, consistent with the broader finding that mid-sequence SPV calibration stalls tend to be coil-related.",Coil,True
2020356,Coil,data_majority,"Stopped between 5V4trim and TemperatureComp, TestIsolation didn't run -- 57.1% Coil in train (n=219; matches -7015 VRCU_READING's documented root cause 'Coil damage / coil resistance', which runs in this gap but has no dedicated FT column), with Dimensional/Alignment (20.1%), Flex/PCB/Solder/Wiring (11.4%) and ASIC/EEPROM (11.0%) as minorities.",Coil,True
2020356,ASIC / EEPROM,data_majority,"PRECONFIG (-7018) never reached and TestIsolation didn't run either -- 58.3% ASIC/EEPROM in train (n=264), with 28.0% Flex/PCB/Solder/Wiring and 13.6% Coil as notable minorities (mixed zone, not pure).",Coil,False
2020356,Coil,data_majority,"Stopped between 5V4trim and TemperatureComp, TestIsolation didn't run -- 57.1% Coil in train (n=219; matches -7015 VRCU_READING's documented root cause 'Coil damage / coil resistance', which runs in this gap but has no dedicated FT column), with Dimensional/Alignment (20.1%), Flex/PCB/Solder/Wiring (11.4%) and ASIC/EEPROM (11.0%) as minorities.",Coil,True
2020356,Coil,data_majority,"Stopped between 5V4trim and TemperatureComp, TestIsolation didn't run -- 57.1% Coil in train (n=219; matches -7015 VRCU_READING's documented root cause 'Coil damage / coil resistance', which runs in this gap but has no dedicated FT column), with Dimensional/Alignment (20.1%), Flex/PCB/Solder/Wiring (11.4%) and ASIC/EEPROM (11.0%) as minorities.",Coil,True
1627714,Dimensional / Alignment,data_majority,"Stopped between 5V4trim and TemperatureComp, but TestIsolation ran -- 90.3% Dimensional/Alignment in train (n=506).",Dimensional / Alignment,True
1627714,Dimensional / Alignment,data_majority,"Stopped between 5V4trim and TemperatureComp, but TestIsolation ran -- 90.3% Dimensional/Alignment in train (n=506).",Dimensional / Alignment,True
1627714,Dimensional / Alignment,data_majority,"Stopped between 5V4trim and TemperatureComp, but TestIsolation ran -- 90.3% Dimensional/Alignment in train (n=506).",Dimensional / Alignment,True
1627714,Dimensional / Alignment,data_majority,"Stopped between 5V4trim and TemperatureComp, but TestIsolation ran -- 90.3% Dimensional/Alignment in train (n=506).",Dimensional / Alignment,True
1627714,Dimensional / Alignment,data_majority,"Stopped between 5V4trim and TemperatureComp, but TestIsolation ran -- 90.3% Dimensional/Alignment in train (n=506).",Dimensional / Alignment,True
1627714,Dimensional / Alignment,data_majority,"Stopped between 5V4trim and TemperatureComp, but TestIsolation ran -- 90.3% Dimensional/Alignment in train (n=506).",Dimensional / Alignment,True
1505788,Dimensional / Alignment,data_majority,"Stopped between 5V4trim and TemperatureComp, but TestIsolation ran -- 90.3% Dimensional/Alignment in train (n=506).",Other / Minor Defects,False
1505788,Dimensional / Alignment,data_majority,"Stopped between 5V4trim and TemperatureComp, but TestIsolation ran -- 90.3% Dimensional/Alignment in train (n=506).",Other / Minor Defects,False
1570278,Dimensional / Alignment,data_majority,"Stopped between 5V4trim and TemperatureComp, but TestIsolation ran -- 90.3% Dimensional/Alignment in train (n=506).",Dimensional / Alignment,True
1570278,Dimensional / Alignment,data_majority,"Stopped between 5V4trim and TemperatureComp, but TestIsolation ran -- 90.3% Dimensional/Alignment in train (n=506).",Dimensional / Alignment,True
1570278,Dimensional / Alignment,data_majority,"Stopped between 5V4trim and TemperatureComp, but TestIsolation ran -- 90.3% Dimensional/Alignment in train (n=506).",Dimensional / Alignment,True
1570278,Dimensional / Alignment,data_majority,"Stopped between 5V4trim and TemperatureComp, but TestIsolation ran -- 90.3% Dimensional/Alignment in train (n=506).",Dimensional / Alignment,True
1570278,Dimensional / Alignment,data_majority,"Stopped between 5V4trim and TemperatureComp, but TestIsolation ran -- 90.3% Dimensional/Alignment in train (n=506).",Dimensional / Alignment,True
1570278,Dimensional / Alignment,data_majority,"Stopped between 5V4trim and TemperatureComp, but TestIsolation ran -- 90.3% Dimensional/Alignment in train (n=506).",Dimensional / Alignment,True
1571405,Dimensional / Alignment,data_majority,"Stopped between 5V4trim and TemperatureComp, but TestIsolation ran -- 90.3% Dimensional/Alignment in train (n=506).",Dimensional / Alignment,True
1571405,Dimensional / Alignment,data_majority,"Stopped between 5V4trim and TemperatureComp, but TestIsolation ran -- 90.3% Dimensional/Alignment in train (n=506).",Dimensional / Alignment,True
1571405,Dimensional / Alignment,data_majority,"Stopped between 5V4trim and TemperatureComp, but TestIsolation ran -- 90.3% Dimensional/Alignment in train (n=506).",Dimensional / Alignment,True
1571405,Dimensional / Alignment,data_majority,"Stopped between 5V4trim and TemperatureComp, but TestIsolation ran -- 90.3% Dimensional/Alignment in train (n=506).",Dimensional / Alignment,True
1571405,Dimensional / Alignment,data_majority,"Stopped between 5V4trim and TemperatureComp, but TestIsolation ran -- 90.3% Dimensional/Alignment in train (n=506).",Dimensional / Alignment,True
1571405,Dimensional / Alignment,data_majority,"Stopped between 5V4trim and TemperatureComp, but TestIsolation ran -- 90.3% Dimensional/Alignment in train (n=506).",Dimensional / Alignment,True
1571405,Dimensional / Alignment,data_majority,"Stopped between 5V4trim and TemperatureComp, but TestIsolation ran -- 90.3% Dimensional/Alignment in train (n=506).",Dimensional / Alignment,True
1571405,Dimensional / Alignment,data_majority,"Stopped between 5V4trim and TemperatureComp, but TestIsolation ran -- 90.3% Dimensional/Alignment in train (n=506).",Dimensional / Alignment,True
1571405,Dimensional / Alignment,data_majority,"Stopped between 5V4trim and TemperatureComp, but TestIsolation ran -- 90.3% Dimensional/Alignment in train (n=506).",Dimensional / Alignment,True
1571405,Dimensional / Alignment,data_majority,"Stopped between 5V4trim and TemperatureComp, but TestIsolation ran -- 90.3% Dimensional/Alignment in train (n=506).",Dimensional / Alignment,True
1571405,Dimensional / Alignment,data_majority,"Stopped between 5V4trim and TemperatureComp, but TestIsolation ran -- 90.3% Dimensional/Alignment in train (n=506).",Dimensional / Alignment,True
1571405,Dimensional / Alignment,data_majority,"Stopped between 5V4trim and TemperatureComp, but TestIsolation ran -- 90.3% Dimensional/Alignment in train (n=506).",Dimensional / Alignment,True
1571405,Dimensional / Alignment,data_majority,"Stopped between 5V4trim and TemperatureComp, but TestIsolation ran -- 90.3% Dimensional/Alignment in train (n=506).",Dimensional / Alignment,True
1571405,Dimensional / Alignment,data_majority,"Stopped between 5V4trim and TemperatureComp, but TestIsolation ran -- 90.3% Dimensional/Alignment in train (n=506).",Dimensional / Alignment,True
1571405,Dimensional / Alignment,data_majority,"Stopped between 5V4trim and TemperatureComp, but TestIsolation ran -- 90.3% Dimensional/Alignment in train (n=506).",Dimensional / Alignment,True
1571405,Dimensional / Alignment,data_majority,"Stopped between 5V4trim and TemperatureComp, but TestIsolation ran -- 90.3% Dimensional/Alignment in train (n=506).",Dimensional / Alignment,True
1571405,Dimensional / Alignment,data_majority,"Stopped between 5V4trim and TemperatureComp, but TestIsolation ran -- 90.3% Dimensional/Alignment in train (n=506).",Dimensional / Alignment,True
1571405,Dimensional / Alignment,data_majority,"Stopped between 5V4trim and TemperatureComp, but TestIsolation ran -- 90.3% Dimensional/Alignment in train (n=506).",Dimensional / Alignment,True
1571405,Dimensional / Alignment,data_majority,"Stopped between 5V4trim and TemperatureComp, but TestIsolation ran -- 90.3% Dimensional/Alignment in train (n=506).",Dimensional / Alignment,True
1571405,Dimensional / Alignment,data_majority,"Stopped between 5V4trim and TemperatureComp, but TestIsolation ran -- 90.3% Dimensional/Alignment in train (n=506).",Dimensional / Alignment,True
1571405,Dimensional / Alignment,data_majority,"Stopped between 5V4trim and TemperatureComp, but TestIsolation ran -- 90.3% Dimensional/Alignment in train (n=506).",Dimensional / Alignment,True
1571405,Dimensional / Alignment,data_majority,"Stopped between 5V4trim and TemperatureComp, but TestIsolation ran -- 90.3% Dimensional/Alignment in train (n=506).",Dimensional / Alignment,True
1571405,Dimensional / Alignment,data_majority,"Stopped between 5V4trim and TemperatureComp, but TestIsolation ran -- 90.3% Dimensional/Alignment in train (n=506).",Dimensional / Alignment,True
1571405,Dimensional / Alignment,data_majority,"Stopped between 5V4trim and TemperatureComp, but TestIsolation ran -- 90.3% Dimensional/Alignment in train (n=506).",Dimensional / Alignment,True
1571405,Dimensional / Alignment,data_majority,"Stopped between 5V4trim and TemperatureComp, but TestIsolation ran -- 90.3% Dimensional/Alignment in train (n=506).",Dimensional / Alignment,True
1571405,Dimensional / Alignment,data_majority,"Stopped between 5V4trim and TemperatureComp, but TestIsolation ran -- 90.3% Dimensional/Alignment in train (n=506).",Dimensional / Alignment,True
1571405,Dimensional / Alignment,data_majority,"Stopped between 5V4trim and TemperatureComp, but TestIsolation ran -- 90.3% Dimensional/Alignment in train (n=506).",Dimensional / Alignment,True
1571405,Dimensional / Alignment,data_majority,"Stopped between 5V4trim and TemperatureComp, but TestIsolation ran -- 90.3% Dimensional/Alignment in train (n=506).",Dimensional / Alignment,True
1571405,Dimensional / Alignment,data_majority,"Stopped between 5V4trim and TemperatureComp, but TestIsolation ran -- 90.3% Dimensional/Alignment in train (n=506).",Dimensional / Alignment,True
1571405,Dimensional / Alignment,data_majority,"Stopped between 5V4trim and TemperatureComp, but TestIsolation ran -- 90.3% Dimensional/Alignment in train (n=506).",Dimensional / Alignment,True
1571405,Dimensional / Alignment,data_majority,"Stopped between 5V4trim and TemperatureComp, but TestIsolation ran -- 90.3% Dimensional/Alignment in train (n=506).",Dimensional / Alignment,True
1571405,Dimensional / Alignment,data_majority,"Stopped between 5V4trim and TemperatureComp, but TestIsolation ran -- 90.3% Dimensional/Alignment in train (n=506).",Dimensional / Alignment,True
1571405,Dimensional / Alignment,data_majority,"Stopped between 5V4trim and TemperatureComp, but TestIsolation ran -- 90.3% Dimensional/Alignment in train (n=506).",Dimensional / Alignment,True
1571405,Dimensional / Alignment,data_majority,"Stopped between 5V4trim and TemperatureComp, but TestIsolation ran -- 90.3% Dimensional/Alignment in train (n=506).",Dimensional / Alignment,True
1571405,Dimensional / Alignment,data_majority,"Stopped between 5V4trim and TemperatureComp, but TestIsolation ran -- 90.3% Dimensional/Alignment in train (n=506).",Dimensional / Alignment,True
1571405,Dimensional / Alignment,data_majority,"Stopped between 5V4trim and TemperatureComp, but TestIsolation ran -- 90.3% Dimensional/Alignment in train (n=506).",Dimensional / Alignment,True
1571405,Dimensional / Alignment,data_majority,"Stopped between 5V4trim and TemperatureComp, but TestIsolation ran -- 90.3% Dimensional/Alignment in train (n=506).",Dimensional / Alignment,True
1571405,Dimensional / Alignment,data_majority,"Stopped between 5V4trim and TemperatureComp, but TestIsolation ran -- 90.3% Dimensional/Alignment in train (n=506).",Dimensional / Alignment,True
1571405,Dimensional / Alignment,data_majority,"Stopped between 5V4trim and TemperatureComp, but TestIsolation ran -- 90.3% Dimensional/Alignment in train (n=506).",Dimensional / Alignment,True
1571405,Dimensional / Alignment,data_majority,"Stopped between 5V4trim and TemperatureComp, but TestIsolation ran -- 90.3% Dimensional/Alignment in train (n=506).",Dimensional / Alignment,True
1571405,Dimensional / Alignment,data_majority,"Stopped between 5V4trim and TemperatureComp, but TestIsolation ran -- 90.3% Dimensional/Alignment in train (n=506).",Dimensional / Alignment,True
1571405,Dimensional / Alignment,data_majority,"Stopped between 5V4trim and TemperatureComp, but TestIsolation ran -- 90.3% Dimensional/Alignment in train (n=506).",Dimensional / Alignment,True
1571405,Dimensional / Alignment,data_majority,"Stopped between 5V4trim and TemperatureComp, but TestIsolation ran -- 90.3% Dimensional/Alignment in train (n=506).",Dimensional / Alignment,True
1571405,Dimensional / Alignment,data_majority,"Stopped between 5V4trim and TemperatureComp, but TestIsolation ran -- 90.3% Dimensional/Alignment in train (n=506).",Dimensional / Alignment,True
1571405,Dimensional / Alignment,data_majority,"Stopped between 5V4trim and TemperatureComp, but TestIsolation ran -- 90.3% Dimensional/Alignment in train (n=506).",Dimensional / Alignment,True
1571405,Dimensional / Alignment,data_majority,"Stopped between 5V4trim and TemperatureComp, but TestIsolation ran -- 90.3% Dimensional/Alignment in train (n=506).",Dimensional / Alignment,True
1571405,Dimensional / Alignment,data_majority,"Stopped between 5V4trim and TemperatureComp, but TestIsolation ran -- 90.3% Dimensional/Alignment in train (n=506).",Dimensional / Alignment,True
1571405,Dimensional / Alignment,data_majority,"Stopped between 5V4trim and TemperatureComp, but TestIsolation ran -- 90.3% Dimensional/Alignment in train (n=506).",Dimensional / Alignment,True
1571405,Dimensional / Alignment,data_majority,"Stopped between 5V4trim and TemperatureComp, but TestIsolation ran -- 90.3% Dimensional/Alignment in train (n=506).",Dimensional / Alignment,True
1571405,Dimensional / Alignment,data_majority,"Stopped between 5V4trim and TemperatureComp, but TestIsolation ran -- 90.3% Dimensional/Alignment in train (n=506).",Dimensional / Alignment,True
1571405,Dimensional / Alignment,data_majority,"Stopped between 5V4trim and TemperatureComp, but TestIsolation ran -- 90.3% Dimensional/Alignment in train (n=506).",Dimensional / Alignment,True
1571405,Dimensional / Alignment,data_majority,"Stopped between 5V4trim and TemperatureComp, but TestIsolation ran -- 90.3% Dimensional/Alignment in train (n=506).",Dimensional / Alignment,True
1571405,Dimensional / Alignment,data_majority,"Stopped between 5V4trim and TemperatureComp, but TestIsolation ran -- 90.3% Dimensional/Alignment in train (n=506).",Dimensional / Alignment,True
1571405,Dimensional / Alignment,data_majority,"Stopped between 5V4trim and TemperatureComp, but TestIsolation ran -- 90.3% Dimensional/Alignment in train (n=506).",Dimensional / Alignment,True
1664883,Dimensional / Alignment,data_majority,"Core chain never started, but TestIsolation ran independently -- 100% of these (n=30 in train) are 'Trimming Failure'.",Dimensional / Alignment,True
1664883,Dimensional / Alignment,data_majority,"Core chain never started, but TestIsolation ran independently -- 100% of these (n=30 in train) are 'Trimming Failure'.",Dimensional / Alignment,True
1664883,Dimensional / Alignment,data_majority,"Core chain never started, but TestIsolation ran independently -- 100% of these (n=30 in train) are 'Trimming Failure'.",Dimensional / Alignment,True
1664883,Dimensional / Alignment,data_majority,"Core chain never started, but TestIsolation ran independently -- 100% of these (n=30 in train) are 'Trimming Failure'.",Dimensional / Alignment,True
1664883,Dimensional / Alignment,data_majority,"Core chain never started, but TestIsolation ran independently -- 100% of these (n=30 in train) are 'Trimming Failure'.",Dimensional / Alignment,True
1664883,Dimensional / Alignment,data_majority,"Core chain never started, but TestIsolation ran independently -- 100% of these (n=30 in train) are 'Trimming Failure'.",Dimensional / Alignment,True
1664883,Dimensional / Alignment,data_majority,"Core chain never started, but TestIsolation ran independently -- 100% of these (n=30 in train) are 'Trimming Failure'.",Dimensional / Alignment,True
1664883,Dimensional / Alignment,data_majority,"Core chain never started, but TestIsolation ran independently -- 100% of these (n=30 in train) are 'Trimming Failure'.",Dimensional / Alignment,True
1664883,Dimensional / Alignment,data_majority,"Core chain never started, but TestIsolation ran independently -- 100% of these (n=30 in train) are 'Trimming Failure'.",Dimensional / Alignment,True
1578728,Dimensional / Alignment,data_majority,"Stopped between 5V4trim and TemperatureComp, but TestIsolation ran -- 90.3% Dimensional/Alignment in train (n=506).",Dimensional / Alignment,True
1578728,Dimensional / Alignment,data_majority,"Stopped between 5V4trim and TemperatureComp, but TestIsolation ran -- 90.3% Dimensional/Alignment in train (n=506).",Dimensional / Alignment,True
1578728,Dimensional / Alignment,data_majority,"Stopped between 5V4trim and TemperatureComp, but TestIsolation ran -- 90.3% Dimensional/Alignment in train (n=506).",Dimensional / Alignment,True
1578728,Dimensional / Alignment,data_majority,"Stopped between 5V4trim and TemperatureComp, but TestIsolation ran -- 90.3% Dimensional/Alignment in train (n=506).",Dimensional / Alignment,True
1578728,Dimensional / Alignment,data_majority,"Stopped between 5V4trim and TemperatureComp, but TestIsolation ran -- 90.3% Dimensional/Alignment in train (n=506).",Dimensional / Alignment,True
1578728,Dimensional / Alignment,data_majority,"Stopped between 5V4trim and TemperatureComp, but TestIsolation ran -- 90.3% Dimensional/Alignment in train (n=506).",Dimensional / Alignment,True
1578728,Dimensional / Alignment,data_majority,"Stopped between 5V4trim and TemperatureComp, but TestIsolation ran -- 90.3% Dimensional/Alignment in train (n=506).",Dimensional / Alignment,True
1578728,Dimensional / Alignment,data_majority,"Stopped between 5V4trim and TemperatureComp, but TestIsolation ran -- 90.3% Dimensional/Alignment in train (n=506).",Dimensional / Alignment,True
1578728,Dimensional / Alignment,data_majority,"Stopped between 5V4trim and TemperatureComp, but TestIsolation ran -- 90.3% Dimensional/Alignment in train (n=506).",Dimensional / Alignment,True
1578728,Dimensional / Alignment,data_majority,"Stopped between 5V4trim and TemperatureComp, but TestIsolation ran -- 90.3% Dimensional/Alignment in train (n=506).",Dimensional / Alignment,True
1578728,Dimensional / Alignment,data_majority,"Stopped between 5V4trim and TemperatureComp, but TestIsolation ran -- 90.3% Dimensional/Alignment in train (n=506).",Dimensional / Alignment,True
1578728,Dimensional / Alignment,data_majority,"Stopped between 5V4trim and TemperatureComp, but TestIsolation ran -- 90.3% Dimensional/Alignment in train (n=506).",Dimensional / Alignment,True
1578728,Dimensional / Alignment,data_majority,"Stopped between 5V4trim and TemperatureComp, but TestIsolation ran -- 90.3% Dimensional/Alignment in train (n=506).",Dimensional / Alignment,True
1578728,Dimensional / Alignment,data_majority,"Stopped between 5V4trim and TemperatureComp, but TestIsolation ran -- 90.3% Dimensional/Alignment in train (n=506).",Dimensional / Alignment,True
1578728,Dimensional / Alignment,data_majority,"Stopped between 5V4trim and TemperatureComp, but TestIsolation ran -- 90.3% Dimensional/Alignment in train (n=506).",Dimensional / Alignment,True
1484724,ASIC / EEPROM,data_majority,"PRECONFIG (-7018) never reached and TestIsolation didn't run either -- 58.3% ASIC/EEPROM in train (n=264), with 28.0% Flex/PCB/Solder/Wiring and 13.6% Coil as notable minorities (mixed zone, not pure).",ASIC / EEPROM,True
1484724,ASIC / EEPROM,data_majority,"PRECONFIG (-7018) never reached and TestIsolation didn't run either -- 58.3% ASIC/EEPROM in train (n=264), with 28.0% Flex/PCB/Solder/Wiring and 13.6% Coil as notable minorities (mixed zone, not pure).",ASIC / EEPROM,True
1484724,ASIC / EEPROM,data_majority,"PRECONFIG (-7018) never reached and TestIsolation didn't run either -- 58.3% ASIC/EEPROM in train (n=264), with 28.0% Flex/PCB/Solder/Wiring and 13.6% Coil as notable minorities (mixed zone, not pure).",ASIC / EEPROM,True
1484724,ASIC / EEPROM,data_majority,"PRECONFIG (-7018) never reached and TestIsolation didn't run either -- 58.3% ASIC/EEPROM in train (n=264), with 28.0% Flex/PCB/Solder/Wiring and 13.6% Coil as notable minorities (mixed zone, not pure).",ASIC / EEPROM,True
1484724,ASIC / EEPROM,data_majority,"PRECONFIG (-7018) never reached and TestIsolation didn't run either -- 58.3% ASIC/EEPROM in train (n=264), with 28.0% Flex/PCB/Solder/Wiring and 13.6% Coil as notable minorities (mixed zone, not pure).",ASIC / EEPROM,True
1484724,ASIC / EEPROM,data_majority,"PRECONFIG (-7018) never reached and TestIsolation didn't run either -- 58.3% ASIC/EEPROM in train (n=264), with 28.0% Flex/PCB/Solder/Wiring and 13.6% Coil as notable minorities (mixed zone, not pure).",ASIC / EEPROM,True
2004766,Coil,hint,"Gap after CalibrSP2 -- only n=12 in train, no clear majority (Flex/PCB/Solder/Wiring 33.3%, Coil 33.3%, ASIC/EEPROM 25.0%, Gluing/Potting 8.3%). Low-confidence tie-break toward Coil, consistent with the broader finding that mid-sequence SPV calibration stalls tend to be coil-related.",Coil,True
2004766,ASIC / EEPROM,data_majority,"PRECONFIG (-7018) never reached and TestIsolation didn't run either -- 58.3% ASIC/EEPROM in train (n=264), with 28.0% Flex/PCB/Solder/Wiring and 13.6% Coil as notable minorities (mixed zone, not pure).",Coil,False
2004766,Coil,hint,"Gap after CalibrSP2 -- only n=12 in train, no clear majority (Flex/PCB/Solder/Wiring 33.3%, Coil 33.3%, ASIC/EEPROM 25.0%, Gluing/Potting 8.3%). Low-confidence tie-break toward Coil, consistent with the broader finding that mid-sequence SPV calibration stalls tend to be coil-related.",Coil,True
2004766,Coil,data_majority,"Stopped between 5V4trim and TemperatureComp, TestIsolation didn't run -- 57.1% Coil in train (n=219; matches -7015 VRCU_READING's documented root cause 'Coil damage / coil resistance', which runs in this gap but has no dedicated FT column), with Dimensional/Alignment (20.1%), Flex/PCB/Solder/Wiring (11.4%) and ASIC/EEPROM (11.0%) as minorities.",Coil,True
2004766,ASIC / EEPROM,data_majority,"PRECONFIG (-7018) never reached and TestIsolation didn't run either -- 58.3% ASIC/EEPROM in train (n=264), with 28.0% Flex/PCB/Solder/Wiring and 13.6% Coil as notable minorities (mixed zone, not pure).",Coil,False
2004766,ASIC / EEPROM,data_majority,"PRECONFIG (-7018) never reached and TestIsolation didn't run either -- 58.3% ASIC/EEPROM in train (n=264), with 28.0% Flex/PCB/Solder/Wiring and 13.6% Coil as notable minorities (mixed zone, not pure).",Coil,False
2004766,Coil,hint,"Gap after CalibrSP2 -- only n=12 in train, no clear majority (Flex/PCB/Solder/Wiring 33.3%, Coil 33.3%, ASIC/EEPROM 25.0%, Gluing/Potting 8.3%). Low-confidence tie-break toward Coil, consistent with the broader finding that mid-sequence SPV calibration stalls tend to be coil-related.",Coil,True
2004766,ASIC / EEPROM,data_majority,"PRECONFIG (-7018) never reached and TestIsolation didn't run either -- 58.3% ASIC/EEPROM in train (n=264), with 28.0% Flex/PCB/Solder/Wiring and 13.6% Coil as notable minorities (mixed zone, not pure).",Coil,False
2004766,Coil,hint,"Gap after CalibrSP2 -- only n=12 in train, no clear majority (Flex/PCB/Solder/Wiring 33.3%, Coil 33.3%, ASIC/EEPROM 25.0%, Gluing/Potting 8.3%). Low-confidence tie-break toward Coil, consistent with the broader finding that mid-sequence SPV calibration stalls tend to be coil-related.",Coil,True
2004766,Coil,data_majority,"Stopped between 5V4trim and TemperatureComp, TestIsolation didn't run -- 57.1% Coil in train (n=219; matches -7015 VRCU_READING's documented root cause 'Coil damage / coil resistance', which runs in this gap but has no dedicated FT column), with Dimensional/Alignment (20.1%), Flex/PCB/Solder/Wiring (11.4%) and ASIC/EEPROM (11.0%) as minorities.",Coil,True
2004766,ASIC / EEPROM,data_majority,"PRECONFIG (-7018) never reached and TestIsolation didn't run either -- 58.3% ASIC/EEPROM in train (n=264), with 28.0% Flex/PCB/Solder/Wiring and 13.6% Coil as notable minorities (mixed zone, not pure).",Coil,False
2004766,ASIC / EEPROM,data_majority,"PRECONFIG (-7018) never reached and TestIsolation didn't run either -- 58.3% ASIC/EEPROM in train (n=264), with 28.0% Flex/PCB/Solder/Wiring and 13.6% Coil as notable minorities (mixed zone, not pure).",Coil,False
1571956,Dimensional / Alignment,data_majority,"Stopped between 5V4trim and TemperatureComp, but TestIsolation ran -- 90.3% Dimensional/Alignment in train (n=506).",Dimensional / Alignment,True
1571956,Dimensional / Alignment,data_majority,"Stopped between 5V4trim and TemperatureComp, but TestIsolation ran -- 90.3% Dimensional/Alignment in train (n=506).",Dimensional / Alignment,True
1571956,Dimensional / Alignment,data_majority,"Stopped between 5V4trim and TemperatureComp, but TestIsolation ran -- 90.3% Dimensional/Alignment in train (n=506).",Dimensional / Alignment,True
1571956,Dimensional / Alignment,data_majority,"Stopped between 5V4trim and TemperatureComp, but TestIsolation ran -- 90.3% Dimensional/Alignment in train (n=506).",Dimensional / Alignment,True
1571956,Dimensional / Alignment,data_majority,"Stopped between 5V4trim and TemperatureComp, but TestIsolation ran -- 90.3% Dimensional/Alignment in train (n=506).",Dimensional / Alignment,True
1483528,ASIC / EEPROM,data_majority,"PRECONFIG (-7018) never reached and TestIsolation didn't run either -- 58.3% ASIC/EEPROM in train (n=264), with 28.0% Flex/PCB/Solder/Wiring and 13.6% Coil as notable minorities (mixed zone, not pure).",ASIC / EEPROM,True
1483528,ASIC / EEPROM,data_majority,"PRECONFIG (-7018) never reached and TestIsolation didn't run either -- 58.3% ASIC/EEPROM in train (n=264), with 28.0% Flex/PCB/Solder/Wiring and 13.6% Coil as notable minorities (mixed zone, not pure).",ASIC / EEPROM,True
1483528,ASIC / EEPROM,data_majority,"PRECONFIG (-7018) never reached and TestIsolation didn't run either -- 58.3% ASIC/EEPROM in train (n=264), with 28.0% Flex/PCB/Solder/Wiring and 13.6% Coil as notable minorities (mixed zone, not pure).",ASIC / EEPROM,True
1483528,ASIC / EEPROM,data_majority,"PRECONFIG (-7018) never reached and TestIsolation didn't run either -- 58.3% ASIC/EEPROM in train (n=264), with 28.0% Flex/PCB/Solder/Wiring and 13.6% Coil as notable minorities (mixed zone, not pure).",ASIC / EEPROM,True
1483528,ASIC / EEPROM,data_majority,"PRECONFIG (-7018) never reached and TestIsolation didn't run either -- 58.3% ASIC/EEPROM in train (n=264), with 28.0% Flex/PCB/Solder/Wiring and 13.6% Coil as notable minorities (mixed zone, not pure).",ASIC / EEPROM,True
1483528,ASIC / EEPROM,data_majority,"PRECONFIG (-7018) never reached and TestIsolation didn't run either -- 58.3% ASIC/EEPROM in train (n=264), with 28.0% Flex/PCB/Solder/Wiring and 13.6% Coil as notable minorities (mixed zone, not pure).",ASIC / EEPROM,True
1490260,ASIC / EEPROM,data_majority,"PRECONFIG (-7018) never reached and TestIsolation didn't run either -- 58.3% ASIC/EEPROM in train (n=264), with 28.0% Flex/PCB/Solder/Wiring and 13.6% Coil as notable minorities (mixed zone, not pure).",ASIC / EEPROM,True
1490260,Coil,data_majority,"Stopped between 5V4trim and TemperatureComp, TestIsolation didn't run -- 57.1% Coil in train (n=219; matches -7015 VRCU_READING's documented root cause 'Coil damage / coil resistance', which runs in this gap but has no dedicated FT column), with Dimensional/Alignment (20.1%), Flex/PCB/Solder/Wiring (11.4%) and ASIC/EEPROM (11.0%) as minorities.",ASIC / EEPROM,False
1490260,Coil,data_majority,"Stopped between 5V4trim and TemperatureComp, TestIsolation didn't run -- 57.1% Coil in train (n=219; matches -7015 VRCU_READING's documented root cause 'Coil damage / coil resistance', which runs in this gap but has no dedicated FT column), with Dimensional/Alignment (20.1%), Flex/PCB/Solder/Wiring (11.4%) and ASIC/EEPROM (11.0%) as minorities.",ASIC / EEPROM,False
1492834,ASIC / EEPROM,data_majority,"PRECONFIG (-7018) never reached and TestIsolation didn't run either -- 58.3% ASIC/EEPROM in train (n=264), with 28.0% Flex/PCB/Solder/Wiring and 13.6% Coil as notable minorities (mixed zone, not pure).",Flex / PCB / Solder / Wiring,False
1492834,Coil,hint,"Gap after CalibrSP2 -- only n=12 in train, no clear majority (Flex/PCB/Solder/Wiring 33.3%, Coil 33.3%, ASIC/EEPROM 25.0%, Gluing/Potting 8.3%). Low-confidence tie-break toward Coil, consistent with the broader finding that mid-sequence SPV calibration stalls tend to be coil-related.",Flex / PCB / Solder / Wiring,False
2007308,ASIC / EEPROM,data_majority,"PRECONFIG (-7018) never reached and TestIsolation didn't run either -- 58.3% ASIC/EEPROM in train (n=264), with 28.0% Flex/PCB/Solder/Wiring and 13.6% Coil as notable minorities (mixed zone, not pure).",ASIC / EEPROM,True
2007308,ASIC / EEPROM,data_majority,"PRECONFIG (-7018) never reached and TestIsolation didn't run either -- 58.3% ASIC/EEPROM in train (n=264), with 28.0% Flex/PCB/Solder/Wiring and 13.6% Coil as notable minorities (mixed zone, not pure).",ASIC / EEPROM,True
2007308,ASIC / EEPROM,data_majority,"PRECONFIG (-7018) never reached and TestIsolation didn't run either -- 58.3% ASIC/EEPROM in train (n=264), with 28.0% Flex/PCB/Solder/Wiring and 13.6% Coil as notable minorities (mixed zone, not pure).",ASIC / EEPROM,True
2015472,Dimensional / Alignment,data_majority,"Full CTX510 core calibration sequence completed (no gap) -- 72.1% of these units in train (n=61) were still Dimensional/Alignment defects (ferrite crack, gap/cap issues) caught by tests outside this flag sequence; Insulation/Isolation (13.1%) and LED (8.2%) are notable minorities.",Flex / PCB / Solder / Wiring,False
2015472,ASIC / EEPROM,data_majority,"PRECONFIG (-7018) never reached and TestIsolation didn't run either -- 58.3% ASIC/EEPROM in train (n=264), with 28.0% Flex/PCB/Solder/Wiring and 13.6% Coil as notable minorities (mixed zone, not pure).",Flex / PCB / Solder / Wiring,False
2015472,ASIC / EEPROM,data_majority,"PRECONFIG (-7018) never reached and TestIsolation didn't run either -- 58.3% ASIC/EEPROM in train (n=264), with 28.0% Flex/PCB/Solder/Wiring and 13.6% Coil as notable minorities (mixed zone, not pure).",Flex / PCB / Solder / Wiring,False
2015472,ASIC / EEPROM,data_majority,"PRECONFIG (-7018) never reached and TestIsolation didn't run either -- 58.3% ASIC/EEPROM in train (n=264), with 28.0% Flex/PCB/Solder/Wiring and 13.6% Coil as notable minorities (mixed zone, not pure).",Flex / PCB / Solder / Wiring,False
2015472,ASIC / EEPROM,data_majority,"PRECONFIG (-7018) never reached and TestIsolation didn't run either -- 58.3% ASIC/EEPROM in train (n=264), with 28.0% Flex/PCB/Solder/Wiring and 13.6% Coil as notable minorities (mixed zone, not pure).",Flex / PCB / Solder / Wiring,False
2015472,Dimensional / Alignment,data_majority,"Full CTX510 core calibration sequence completed (no gap) -- 72.1% of these units in train (n=61) were still Dimensional/Alignment defects (ferrite crack, gap/cap issues) caught by tests outside this flag sequence; Insulation/Isolation (13.1%) and LED (8.2%) are notable minorities.",Other / Minor Defects,False
2015472,Dimensional / Alignment,data_majority,"Full CTX510 core calibration sequence completed (no gap) -- 72.1% of these units in train (n=61) were still Dimensional/Alignment defects (ferrite crack, gap/cap issues) caught by tests outside this flag sequence; Insulation/Isolation (13.1%) and LED (8.2%) are notable minorities.",Other / Minor Defects,False
2015472,Dimensional / Alignment,data_majority,"Full CTX510 core calibration sequence completed (no gap) -- 72.1% of these units in train (n=61) were still Dimensional/Alignment defects (ferrite crack, gap/cap issues) caught by tests outside this flag sequence; Insulation/Isolation (13.1%) and LED (8.2%) are notable minorities.",Other / Minor Defects,False
2015472,Dimensional / Alignment,data_majority,"Full CTX510 core calibration sequence completed (no gap) -- 72.1% of these units in train (n=61) were still Dimensional/Alignment defects (ferrite crack, gap/cap issues) caught by tests outside this flag sequence; Insulation/Isolation (13.1%) and LED (8.2%) are notable minorities.",Other / Minor Defects,False
1615292,ASIC / EEPROM,data_majority,"PRECONFIG (-7018) never reached and TestIsolation didn't run either -- 58.3% ASIC/EEPROM in train (n=264), with 28.0% Flex/PCB/Solder/Wiring and 13.6% Coil as notable minorities (mixed zone, not pure).",Flex / PCB / Solder / Wiring,False
1615292,ASIC / EEPROM,data_majority,"PRECONFIG (-7018) never reached and TestIsolation didn't run either -- 58.3% ASIC/EEPROM in train (n=264), with 28.0% Flex/PCB/Solder/Wiring and 13.6% Coil as notable minorities (mixed zone, not pure).",Flex / PCB / Solder / Wiring,False
1615292,ASIC / EEPROM,data_majority,"PRECONFIG (-7018) never reached and TestIsolation didn't run either -- 58.3% ASIC/EEPROM in train (n=264), with 28.0% Flex/PCB/Solder/Wiring and 13.6% Coil as notable minorities (mixed zone, not pure).",Flex / PCB / Solder / Wiring,False
1644852,Coil,hint,"Gap after CalibrSP2 -- only n=12 in train, no clear majority (Flex/PCB/Solder/Wiring 33.3%, Coil 33.3%, ASIC/EEPROM 25.0%, Gluing/Potting 8.3%). Low-confidence tie-break toward Coil, consistent with the broader finding that mid-sequence SPV calibration stalls tend to be coil-related.",Flex / PCB / Solder / Wiring,False
1644852,Coil,hint,"Gap after CalibrSP2 -- only n=12 in train, no clear majority (Flex/PCB/Solder/Wiring 33.3%, Coil 33.3%, ASIC/EEPROM 25.0%, Gluing/Potting 8.3%). Low-confidence tie-break toward Coil, consistent with the broader finding that mid-sequence SPV calibration stalls tend to be coil-related.",Flex / PCB / Solder / Wiring,False
1644852,ASIC / EEPROM,data_majority,"PRECONFIG (-7018) never reached and TestIsolation didn't run either -- 58.3% ASIC/EEPROM in train (n=264), with 28.0% Flex/PCB/Solder/Wiring and 13.6% Coil as notable minorities (mixed zone, not pure).",Flex / PCB / Solder / Wiring,False
1644852,ASIC / EEPROM,data_majority,"PRECONFIG (-7018) never reached and TestIsolation didn't run either -- 58.3% ASIC/EEPROM in train (n=264), with 28.0% Flex/PCB/Solder/Wiring and 13.6% Coil as notable minorities (mixed zone, not pure).",Flex / PCB / Solder / Wiring,False
1644852,ASIC / EEPROM,data_majority,"PRECONFIG (-7018) never reached and TestIsolation didn't run either -- 58.3% ASIC/EEPROM in train (n=264), with 28.0% Flex/PCB/Solder/Wiring and 13.6% Coil as notable minorities (mixed zone, not pure).",Flex / PCB / Solder / Wiring,False
1620596,Dimensional / Alignment,data_majority,"Stopped between 5V4trim and TemperatureComp, but TestIsolation ran -- 90.3% Dimensional/Alignment in train (n=506).",Dimensional / Alignment,True
1620596,Dimensional / Alignment,data_majority,"Stopped between 5V4trim and TemperatureComp, but TestIsolation ran -- 90.3% Dimensional/Alignment in train (n=506).",Dimensional / Alignment,True
1620596,Dimensional / Alignment,data_majority,"Stopped between 5V4trim and TemperatureComp, but TestIsolation ran -- 90.3% Dimensional/Alignment in train (n=506).",Dimensional / Alignment,True
1620596,Dimensional / Alignment,data_majority,"Stopped between 5V4trim and TemperatureComp, but TestIsolation ran -- 90.3% Dimensional/Alignment in train (n=506).",Dimensional / Alignment,True
1620596,Dimensional / Alignment,data_majority,"Stopped between 5V4trim and TemperatureComp, but TestIsolation ran -- 90.3% Dimensional/Alignment in train (n=506).",Dimensional / Alignment,True
1620596,Dimensional / Alignment,data_majority,"Stopped between 5V4trim and TemperatureComp, but TestIsolation ran -- 90.3% Dimensional/Alignment in train (n=506).",Dimensional / Alignment,True
1620596,Dimensional / Alignment,data_majority,"Stopped between 5V4trim and TemperatureComp, but TestIsolation ran -- 90.3% Dimensional/Alignment in train (n=506).",Dimensional / Alignment,True
1620596,Dimensional / Alignment,data_majority,"Stopped between 5V4trim and TemperatureComp, but TestIsolation ran -- 90.3% Dimensional/Alignment in train (n=506).",Dimensional / Alignment,True
1620596,Dimensional / Alignment,data_majority,"Stopped between 5V4trim and TemperatureComp, but TestIsolation ran -- 90.3% Dimensional/Alignment in train (n=506).",Dimensional / Alignment,True
2043195,Coil,data_majority,"Stopped between 5V4trim and TemperatureComp, TestIsolation didn't run -- 57.1% Coil in train (n=219; matches -7015 VRCU_READING's documented root cause 'Coil damage / coil resistance', which runs in this gap but has no dedicated FT column), with Dimensional/Alignment (20.1%), Flex/PCB/Solder/Wiring (11.4%) and ASIC/EEPROM (11.0%) as minorities.",Coil,True
2043195,Coil,data_majority,"Stopped between 5V4trim and TemperatureComp, TestIsolation didn't run -- 57.1% Coil in train (n=219; matches -7015 VRCU_READING's documented root cause 'Coil damage / coil resistance', which runs in this gap but has no dedicated FT column), with Dimensional/Alignment (20.1%), Flex/PCB/Solder/Wiring (11.4%) and ASIC/EEPROM (11.0%) as minorities.",Coil,True
2043195,Coil,data_majority,"Stopped between 5V4trim and TemperatureComp, TestIsolation didn't run -- 57.1% Coil in train (n=219; matches -7015 VRCU_READING's documented root cause 'Coil damage / coil resistance', which runs in this gap but has no dedicated FT column), with Dimensional/Alignment (20.1%), Flex/PCB/Solder/Wiring (11.4%) and ASIC/EEPROM (11.0%) as minorities.",Coil,True
1590106,Dimensional / Alignment,data_majority,"Stopped between 5V4trim and TemperatureComp, but TestIsolation ran -- 90.3% Dimensional/Alignment in train (n=506).",Dimensional / Alignment,True
1590106,Dimensional / Alignment,data_majority,"Stopped between 5V4trim and TemperatureComp, but TestIsolation ran -- 90.3% Dimensional/Alignment in train (n=506).",Dimensional / Alignment,True
1590106,Dimensional / Alignment,data_majority,"Stopped between 5V4trim and TemperatureComp, but TestIsolation ran -- 90.3% Dimensional/Alignment in train (n=506).",Dimensional / Alignment,True
1590106,Dimensional / Alignment,data_majority,"Stopped between 5V4trim and TemperatureComp, but TestIsolation ran -- 90.3% Dimensional/Alignment in train (n=506).",Dimensional / Alignment,True
1590106,Dimensional / Alignment,data_majority,"Stopped between 5V4trim and TemperatureComp, but TestIsolation ran -- 90.3% Dimensional/Alignment in train (n=506).",Dimensional / Alignment,True
1590106,Dimensional / Alignment,data_majority,"Stopped between 5V4trim and TemperatureComp, but TestIsolation ran -- 90.3% Dimensional/Alignment in train (n=506).",Dimensional / Alignment,True
1590106,Dimensional / Alignment,data_majority,"Stopped between 5V4trim and TemperatureComp, but TestIsolation ran -- 90.3% Dimensional/Alignment in train (n=506).",Dimensional / Alignment,True
1590106,Dimensional / Alignment,data_majority,"Stopped between 5V4trim and TemperatureComp, but TestIsolation ran -- 90.3% Dimensional/Alignment in train (n=506).",Dimensional / Alignment,True
1590106,Dimensional / Alignment,data_majority,"Stopped between 5V4trim and TemperatureComp, but TestIsolation ran -- 90.3% Dimensional/Alignment in train (n=506).",Dimensional / Alignment,True
1590106,Dimensional / Alignment,data_majority,"Stopped between 5V4trim and TemperatureComp, but TestIsolation ran -- 90.3% Dimensional/Alignment in train (n=506).",Dimensional / Alignment,True
1590106,Dimensional / Alignment,data_majority,"Stopped between 5V4trim and TemperatureComp, but TestIsolation ran -- 90.3% Dimensional/Alignment in train (n=506).",Dimensional / Alignment,True
1590106,Dimensional / Alignment,data_majority,"Stopped between 5V4trim and TemperatureComp, but TestIsolation ran -- 90.3% Dimensional/Alignment in train (n=506).",Dimensional / Alignment,True
1590106,Dimensional / Alignment,data_majority,"Stopped between 5V4trim and TemperatureComp, but TestIsolation ran -- 90.3% Dimensional/Alignment in train (n=506).",Dimensional / Alignment,True
1590106,Dimensional / Alignment,data_majority,"Stopped between 5V4trim and TemperatureComp, but TestIsolation ran -- 90.3% Dimensional/Alignment in train (n=506).",Dimensional / Alignment,True
1590106,Dimensional / Alignment,data_majority,"Stopped between 5V4trim and TemperatureComp, but TestIsolation ran -- 90.3% Dimensional/Alignment in train (n=506).",Dimensional / Alignment,True
1590106,Dimensional / Alignment,data_majority,"Stopped between 5V4trim and TemperatureComp, but TestIsolation ran -- 90.3% Dimensional/Alignment in train (n=506).",Dimensional / Alignment,True
1590106,Dimensional / Alignment,data_majority,"Stopped between 5V4trim and TemperatureComp, but TestIsolation ran -- 90.3% Dimensional/Alignment in train (n=506).",Dimensional / Alignment,True
1590106,Dimensional / Alignment,data_majority,"Stopped between 5V4trim and TemperatureComp, but TestIsolation ran -- 90.3% Dimensional/Alignment in train (n=506).",Dimensional / Alignment,True
1590106,Dimensional / Alignment,data_majority,"Stopped between 5V4trim and TemperatureComp, but TestIsolation ran -- 90.3% Dimensional/Alignment in train (n=506).",Dimensional / Alignment,True
1590106,Dimensional / Alignment,data_majority,"Stopped between 5V4trim and TemperatureComp, but TestIsolation ran -- 90.3% Dimensional/Alignment in train (n=506).",Dimensional / Alignment,True
1590106,Dimensional / Alignment,data_majority,"Stopped between 5V4trim and TemperatureComp, but TestIsolation ran -- 90.3% Dimensional/Alignment in train (n=506).",Dimensional / Alignment,True
1590106,Dimensional / Alignment,data_majority,"Stopped between 5V4trim and TemperatureComp, but TestIsolation ran -- 90.3% Dimensional/Alignment in train (n=506).",Dimensional / Alignment,True
1590106,Dimensional / Alignment,data_majority,"Stopped between 5V4trim and TemperatureComp, but TestIsolation ran -- 90.3% Dimensional/Alignment in train (n=506).",Dimensional / Alignment,True
1590106,Dimensional / Alignment,data_majority,"Stopped between 5V4trim and TemperatureComp, but TestIsolation ran -- 90.3% Dimensional/Alignment in train (n=506).",Dimensional / Alignment,True
